Date,Max Temp,Min Temp
2026-09-11,34.0,21.1
2026-09-12,34.2,22.2
2026-09-13,37.0,22.8
2026-09-14,37.6,22.0
2026-09-15,36.7,23.3
2026-09-16,36.7,22.2
2026-09-17,38.2,23.8
2026-09-18,33.8,23.8
2026-09-19,32.6,22.4
2026-09-20,32.6,20.7
2026-09-21,32.3,22.2
2026-09-22,32.5,21.5
2026-09-23,33.0,21.3
2026-09-24,32.9,22.5
2026-09-25,31.5,22.2
2026-09-26,30.3,19.1
2026-09-27,34.3,20.8
2026-09-28,31.9,22.9
2026-09-29,31.4,21.3
2026-09-30,30.6,20.0
2026-10-01,30.3,19.3
2026-10-02,31.0,21.6
2026-10-03,30.2,19.4
2026-10-04,30.3,18.4
2026-10-05,29.1,18.7
2026-10-06,29.5,19.3
2026-10-07,30.5,18.2
2026-10-08,30.1,18.9
2026-10-09,30.4,19.0
2026-10-10,30.1,19.7
